<?xml version="1.0" encoding="UTF-8"?>
<jcr:root xmlns:sling="http://sling.apache.org/jcr/sling/1.0" xmlns:cq="http://www.day.com/jcr/cq/1.0"
          xmlns:jcr="http://www.jcp.org/jcr/1.0" xmlns:nt="http://www.jcp.org/jcr/nt/1.0"
          jcr:primaryType="nt:unstructured"
          jcr:title="Properties"
          sling:resourceType="cq/gui/components/authoring/dialog">
    <content
            jcr:primaryType="nt:unstructured"
            sling:resourceType="granite/ui/components/coral/foundation/fixedcolumns">
        <items jcr:primaryType="nt:unstructured">
            <column
                    jcr:primaryType="nt:unstructured"
                    sling:resourceType="granite/ui/components/coral/foundation/container">
                <items jcr:primaryType="nt:unstructured">
                    <title
                            jcr:primaryType="nt:unstructured"
                            sling:resourceType="granite/ui/components/coral/foundation/form/textfield"
                            fieldLabel="Table title"
                            name="./title"/>
                    <subtitle
                            jcr:primaryType="nt:unstructured"
                            sling:resourceType="granite/ui/components/coral/foundation/form/textfield"
                            fieldLabel="Table subtitle"
                            name="./subtitle"/>
                    <select
                            jcr:primaryType="nt:unstructured"
                            sling:resourceType="granite/ui/components/foundation/form/select"
                            fieldLabel="Table color"
                            name="./color">
                        <items jcr:primaryType="nt:unstructured">
                            <option1 jcr:primaryType="nt:unstructured" key="=table-red" value="table-red" text="red"/>
                            <option2 jcr:primaryType="nt:unstructured" key="table-blue" value="table-blue" text="blue"/>
                        </items>
                    </select>
                    <headers
                            jcr:primaryType="nt:unstructured"
                            sling:resourceType="granite/ui/components/coral/foundation/form/multifield"
                            composite="{Boolean}true"
                            fieldLabel="Table headers">
                        <field
                                sling:resourceType="granite/ui/components/coral/foundation/container"
                                jcr:primaryType="nt:unstructured"
                                name="./header">
                            <items jcr:primaryType="nt:unstructured">
                                <header jcr:primaryType="nt:unstructured"
                                        sling:resourceType="granite/ui/components/coral/foundation/form/textfield"
                                        fieldLabel="Table header"
                                        name="./headerTitle"/>
                            </items>
                        </field>
                    </headers>
                    <rows
                            jcr:primaryType="nt:unstructured"
                            sling:resourceType="granite/ui/components/coral/foundation/form/multifield"
                            composite="{Boolean}true"
                            fieldLabel="Table rows">
                        <field
                                sling:resourceType="granite/ui/components/coral/foundation/container"
                                jcr:primaryType="nt:unstructured"
                                name="./row">
                            <items jcr:primaryType="nt:unstructured">
                                <rowHeader jcr:primaryType="nt:unstructured"
                                           sling:resourceType="granite/ui/components/coral/foundation/form/textfield"
                                           fieldLabel="Row header"
                                           name="./rowHeader"/>
                                <rowCount jcr:primaryType="nt:unstructured"
                                          sling:resourceType="granite/ui/components/coral/foundation/form/numberfield"
                                          fieldLabel="Number of columns"
                                          name="./rowCount"/>
                            </items>
                        </field>
                    </rows>
                </items>
            </column>
        </items>
    </content>
</jcr:root>