<?xml version="1.0" encoding="UTF-8"?>
<jcr:root xmlns:sling="http://sling.apache.org/jcr/sling/1.0" xmlns:cq="http://www.day.com/jcr/cq/1.0"
          xmlns:jcr="http://www.jcp.org/jcr/1.0" xmlns:nt="http://www.jcp.org/jcr/nt/1.0"
          jcr:primaryType="nt:unstructured"
          jcr:title="Properties"
          sling:resourceType="cq/gui/components/authoring/dialog">
    <content
            jcr:primaryType="nt:unstructured"
            sling:resourceType="granite/ui/components/coral/foundation/fixedcolumns">
        <items jcr:primaryType="nt:unstructured">
            <column
                    jcr:primaryType="nt:unstructured"
                    sling:resourceType="granite/ui/components/coral/foundation/container">
                <items jcr:primaryType="nt:unstructured">
                    <text
                            jcr:primaryType="nt:unstructured"
                            sling:resourceType="granite/ui/components/coral/foundation/form/textfield"
                            fieldLabel="Text"
                            name="./text"/>
                    <name
                            jcr:primaryType="nt:unstructured"
                            sling:resourceType="granite/ui/components/coral/foundation/form/textfield"
                            fieldLabel="Name"
                            name="./name"/>
                    <asset
                            jcr:primaryType="nt:unstructured"
                            sling:resourceType="granite/ui/components/coral/foundation/form/pathfield"
                            rootPath="/content/dam/funko/products"
                            fieldLabel="asset"
                            name="./asset"/>
                    <lista
                            jcr:primaryType="nt:unstructured"
                            sling:resourceType="granite/ui/components/coral/foundation/form/select"
                            fieldLabel="Pick one color"
                            multiple="{Boolean}true"
                            name="./select">
                        <items jcr:primaryType="nt:unstructured">
                            <elem1 jcr:primaryType="nt:unstructured" value="red" text="Red color"/>
                            <elem2 jcr:primaryType="nt:unstructured" value="blue" text="Blue color"/>
                            <elem3 jcr:primaryType="nt:unstructured" value="green" text="Green color"/>
                        </items>
                    </lista>
                </items>
            </column>
        </items>
    </content>
</jcr:root>