<?xml version="1.0" encoding="UTF-8"?>
<jcr:root xmlns:sling="http://sling.apache.org/jcr/sling/1.0" xmlns:cq="http://www.day.com/jcr/cq/1.0"
          xmlns:jcr="http://www.jcp.org/jcr/1.0" xmlns:nt="http://www.jcp.org/jcr/nt/1.0"
          jcr:primaryType="nt:unstructured"
          jcr:title="Properties"
          sling:resourceType="cq/gui/components/authoring/dialog">
    <content
            jcr:primaryType="nt:unstructured"
            sling:resourceType="granite/ui/components/coral/foundation/fixedcolumns">
        <items jcr:primaryType="nt:unstructured">
            <column
                    jcr:primaryType="nt:unstructured"
                    sling:resourceType="granite/ui/components/coral/foundation/container">
                <items jcr:primaryType="nt:unstructured">
                    <item-no
                            jcr:primaryType="nt:unstructured"
                            sling:resourceType="granite/ui/components/coral/foundation/form/numberfield"
                            fieldLabel="Item number"
                            step="1"
                            required="true"
                            name="./item-no"/>
                    <name
                            jcr:primaryType="nt:unstructured"
                            sling:resourceType="granite/ui/components/coral/foundation/form/textfield"
                            fieldLabel="Name"
                            name="./name"/>
                    <release
                            jcr:primaryType="nt:unstructured"
                            sling:resourceType="granite/ui/components/coral/foundation/form/datepicker"
                            valueFormat="YYYY-MM-DD"
                            fieldLabel="Release date"
                            name="./release"/>
                    <multi
                            jcr:primaryType="nt:unstructured"
                            sling:resourceType="granite/ui/components/coral/foundation/form/multifield"
                            composite="{Boolean}true"
                            fieldLabel="Gallery">
                        <field
                                sling:resourceType="granite/ui/components/coral/foundation/container"
                                jcr:primaryType="nt:unstructured"
                                name="./gallery">
                            <items jcr:primaryType="nt:unstructured">
                                <image
                                        jcr:primaryType="nt:unstructured"
                                        sling:resourceType="granite/ui/components/coral/foundation/form/pathfield"
                                        rootPath="/content/dam/funko/products"
                                        name="./image"/>
                            </items>
                        </field>
                    </multi>
                </items>
            </column>
        </items>
    </content>
</jcr:root>